{"name":"a818d30e-e22c-4904-8cf0-d3c7c9e018f2","id":"/providers/Microsoft.Flow/flows/a818d30e-e22c-4904-8cf0-d3c7c9e018f2","type":"Microsoft.Flow/flows","properties":{"apiId":"/providers/Microsoft.PowerApps/apis/shared_logicflows","displayName":"Leave Requests","definition":{"metadata":{"workflowEntityId":null,"processAdvisorMetadata":null,"flowChargedByPaygo":null,"flowclientsuspensionreason":"None","flowclientsuspensiontime":null,"flowclientsuspensionreasondetails":null,"creator":{"id":"a3d335ec-1fb6-4cbe-8f61-56908242d47e","type":"User","tenantId":"72f988bf-86f1-41af-91ab-2d7cd011db47"},"provisioningMethod":"FromDefinition","failureAlertSubscription":true,"clientLastModifiedTime":"2023-09-13T16:52:27.4283797Z"},"$schema":"https://schema.management.azure.com/providers/Microsoft.Logic/schemas/2016-06-01/workflowdefinition.json#","contentVersion":"1.0.0.0","parameters":{"$connections":{"defaultValue":{},"type":"Object"},"$authentication":{"defaultValue":{},"type":"SecureObject"}},"triggers":{"When_an_item_is_created":{"recurrence":{"frequency":"Minute","interval":1},"splitOn":"@triggerOutputs()?['body/value']","metadata":{"operationMetadataId":"49f454e3-7846-4183-8527-d149bd10afe2"},"type":"OpenApiConnection","inputs":{"host":{"apiId":"/providers/Microsoft.PowerApps/apis/shared_sharepointonline","connectionName":"shared_sharepointonline","operationId":"GetOnNewItems"},"parameters":{"dataset":"https://microsoft.sharepoint.com/sites/Powerautomate","table":"404f2676-5bb4-41eb-9f47-8e93f9369f14"},"authentication":"@parameters('$authentication')"}}},"actions":{"Send_an_email_(V2)":{"runAfter":{},"metadata":{"operationMetadataId":"70b675da-31b5-4ccc-834f-d04725aa46ed"},"type":"OpenApiConnection","inputs":{"host":{"apiId":"/providers/Microsoft.PowerApps/apis/shared_office365","connectionName":"shared_office365","operationId":"SendEmailV2"},"parameters":{"emailMessage/To":"v-mkyalo@microsoft.com","emailMessage/Subject":"New Leave Request","emailMessage/Body":"<p>Dear HR,<br>\n<br>\nA new leave request has come from @{triggerOutputs()?['body/Name']}. <br>\n<br>\nRegards,<br>\nPA.</p>","emailMessage/Importance":"Normal"},"authentication":"@parameters('$authentication')"}},"Condition":{"actions":{"Start_and_wait_for_an_approval":{"runAfter":{},"metadata":{"operationMetadataId":"6a7d61dd-c729-4794-8e92-975fa73dca31"},"type":"OpenApiConnectionWebhook","inputs":{"host":{"apiId":"/providers/Microsoft.PowerApps/apis/shared_approvals","connectionName":"shared_approvals","operationId":"StartAndWaitForAnApproval"},"parameters":{"approvalType":"BasicAwaitAll","WebhookApprovalCreationInput/title":"@triggerOutputs()?['body/Title']","WebhookApprovalCreationInput/assignedTo":"v-mkyalo@microsoft.com;","WebhookApprovalCreationInput/enableNotifications":true,"WebhookApprovalCreationInput/enableReassignment":true},"authentication":"@parameters('$authentication')"}},"Condition_2":{"actions":{"Update_item":{"runAfter":{},"metadata":{"operationMetadataId":"f7976627-6ec9-4d4b-af59-6b5d1fd4631c"},"type":"OpenApiConnection","inputs":{"host":{"apiId":"/providers/Microsoft.PowerApps/apis/shared_sharepointonline","connectionName":"shared_sharepointonline","operationId":"PatchItem"},"parameters":{"dataset":"https://microsoft.sharepoint.com/sites/Powerautomate","table":"404f2676-5bb4-41eb-9f47-8e93f9369f14","id":"@triggerOutputs()?['body/ID']","item/Title":"@triggerOutputs()?['body/Title']","item/Name":"@triggerOutputs()?['body/Name']","item/LeaveStatus/Value":"Approved"},"authentication":"@parameters('$authentication')"}},"Send_an_email_(V2)_2":{"runAfter":{"Update_item":["Succeeded"]},"metadata":{"operationMetadataId":"d36a2d1d-48b8-4ec2-8051-c133f98ebf9d"},"type":"OpenApiConnection","inputs":{"host":{"apiId":"/providers/Microsoft.PowerApps/apis/shared_office365","connectionName":"shared_office365","operationId":"SendEmailV2"},"parameters":{"emailMessage/To":"@outputs('Update_item')?['body/Email']","emailMessage/Subject":"Leave Request Approved","emailMessage/Body":"<p>Dear @{outputs('Update_item')?['body/Name']}, <br>\n<br>\nYour leave request has been approved.<br>\n<br>\nSincerely,<br>\nHR.</p>","emailMessage/Importance":"Normal"},"authentication":"@parameters('$authentication')"}}},"runAfter":{"Start_and_wait_for_an_approval":["Succeeded"]},"else":{"actions":{"Update_item_2":{"runAfter":{},"metadata":{"operationMetadataId":"2ab26770-255e-44d8-9df7-1f91067f2200"},"type":"OpenApiConnection","inputs":{"host":{"apiId":"/providers/Microsoft.PowerApps/apis/shared_sharepointonline","connectionName":"shared_sharepointonline","operationId":"PatchItem"},"parameters":{"dataset":"https://microsoft.sharepoint.com/sites/Powerautomate","table":"404f2676-5bb4-41eb-9f47-8e93f9369f14","id":"@triggerOutputs()?['body/ID']","item/Title":"@triggerOutputs()?['body/Title']","item/LeaveStatus/Value":"Rejected"},"authentication":"@parameters('$authentication')"}},"Send_an_email_(V2)_3":{"runAfter":{"Update_item_2":["Succeeded"]},"metadata":{"operationMetadataId":"8f2c3a93-86d5-48ee-9a48-9be97cc59244"},"type":"OpenApiConnection","inputs":{"host":{"apiId":"/providers/Microsoft.PowerApps/apis/shared_office365","connectionName":"shared_office365","operationId":"SendEmailV2"},"parameters":{"emailMessage/To":"@outputs('Update_item_2')?['body/Email']","emailMessage/Subject":"Leave Request Rejected","emailMessage/Body":"<p>Dear @{outputs('Update_item_2')?['body/Name']},<br>\n<br>\nYour leave request has been rejected.<br>\n<br>\nSincerely,<br>\nHR.</p>","emailMessage/Importance":"Normal"},"authentication":"@parameters('$authentication')"}}}},"expression":{"equals":["@outputs('Start_and_wait_for_an_approval')?['body/outcome']","Approved"]},"metadata":{"operationMetadataId":"adb96418-1680-463f-9b78-e0aefe3f87d8"},"type":"If"}},"runAfter":{"Send_an_email_(V2)":["Succeeded"]},"expression":{"equals":["@triggerOutputs()?['body/LeaveStatus/Value']","Pending"]},"metadata":{"operationMetadataId":"7fe257e4-1429-4551-a615-17e587a79600"},"type":"If"}}},"connectionReferences":{"shared_office365":{"connectionName":"shared-office365-59a91ea3-5586-4295-95e4-4dddf336bd5e","source":"Embedded","id":"/providers/Microsoft.PowerApps/apis/shared_office365","tier":"NotSpecified"},"shared_approvals":{"connectionName":"shared-approvals-fe7e88c4-c963-4df7-92d4-e37294316284","source":"Embedded","id":"/providers/Microsoft.PowerApps/apis/shared_approvals","tier":"NotSpecified"},"shared_sharepointonline":{"connectionName":"shared-sharepointonl-7ac2f5f2-09a1-4199-8c93-94968404be7a","source":"Embedded","id":"/providers/Microsoft.PowerApps/apis/shared_sharepointonline","tier":"NotSpecified"}},"flowFailureAlertSubscribed":false,"isManaged":false}}